id,mbti,resource_title,url,media_type,language,issue_tags,trigger_keywords,recommendation_policy,source_file,source_paragraph_index,notes
INFJ_c2e5104f01,INFJ,للشخصيات الحساسة فقط: توقف عن كونك إسفنجة عاطفية الآن !,https://www.youtube.com/watch?v=84Cx4ehU0uU,video,ar,"['emotional_absorption', 'emotional_awareness']",[],recommend_only_if_user_asks_or_message_strongly_matches_issue,أنماط الشخصية 16 for AI bot.docx,19,
INFJ_63cfdfa1a2,INFJ,كيف تنجح العلاقات مع ياسر الحزيمي | بودكاست فنجان,https://www.youtube.com/watch?v=pJ0auP7dbcY&t=2s,video,ar,['general_support'],[],recommend_only_if_user_asks_or_message_strongly_matches_issue,أنماط الشخصية 16 for AI bot.docx,20,
INFJ_1f30e7ecd8,INFJ,من الحبُ إلى النضج العاطفي” – بودكاست جلسة | م. عزة الغامدي,https://www.youtube.com/watch?v=EswT5U5_L-k,video,ar,['emotional_awareness'],[],recommend_only_if_user_asks_or_message_strongly_matches_issue,أنماط الشخصية 16 for AI bot.docx,21,
INFJ_ce3f1b2671,INFJ,https://www.youtube.com/watch?v=LKHMbh_Nfqs&list=PLLIdqKBo7F-oSmk0aP3Np1h2fSVsx1mvk&pp=0gcJCbkEOCosWNin,https://www.youtube.com/watch?v=LKHMbh_Nfqs&list=PLLIdqKBo7F-oSmk0aP3Np1h2fSVsx1mvk&pp=0gcJCbkEOCosWNin,video,en,['general_support'],[],recommend_only_if_user_asks_or_message_strongly_matches_issue,أنماط الشخصية 16 for AI bot.docx,23,
INFJ_acd809216a,INFJ,(3) الحلقة 12 - النفس الحاضرة تواجه - نفوس - مصطفى حسني - EPS 12 - Nefoos - Mustafa Hosny - YouTube,https://www.youtube.com/watch?v=6PHuROuHikA,video,ar,['general_support'],[],recommend_only_if_user_asks_or_message_strongly_matches_issue,أنماط الشخصية 16 for AI bot.docx,25,
INFJ_b749492b68,INFJ,EMOTIONAL BURNOUT - 6 recovery strategies that work / how to cope when you are emotionally exhausted,https://www.youtube.com/watch?v=59QEXiGo1Ik,video,en,['general_support'],[],recommend_only_if_user_asks_or_message_strongly_matches_issue,أنماط الشخصية 16 for AI bot.docx,27,
INFJ_aef44e5495,INFJ,How to Deal with Burnout,https://www.youtube.com/watch?v=YyjBKqsJqAo,video,en,['general_support'],[],recommend_only_if_user_asks_or_message_strongly_matches_issue,أنماط الشخصية 16 for AI bot.docx,28,
INFJ_3c9692d407,INFJ,The “Let Them Theory”: A Life Changing Mindset Hack That 15 Million People Can’t Stop Talking About,https://open.spotify.com/show/7vz4RYsD5MulTCrcH478t1,podcast,en,['general_support'],[],recommend_only_if_user_asks_or_message_strongly_matches_issue,أنماط الشخصية 16 for AI bot.docx,29,
INFJ_5ec8598b60,INFJ,https://open.spotify.com/episode/6Z2wR3WNIHlhJDELXNYcTi?si=347e3eaae512487d,https://open.spotify.com/episode/6Z2wR3WNIHlhJDELXNYcTi?si=347e3eaae512487d,podcast,en,['general_support'],[],recommend_only_if_user_asks_or_message_strongly_matches_issue,أنماط الشخصية 16 for AI bot.docx,30,
INFJ_963e24b791,INFJ,AI built for school | Speed up work and raise grades with Grammarly,https://www.youtube.com/watch?v=83JE0jHAvBY,video,en,['general_support'],[],recommend_only_if_user_asks_or_message_strongly_matches_issue,أنماط الشخصية 16 for AI bot.docx,31,
INFJ_c506e344c0,INFJ,هل تعاني من القلق | بودكاست فنجان,https://youtu.be/gtUoblGRmmc?si=YokXZsH_zZ9YTTqm,video,ar,"['emotional_awareness', 'change_fear']",[],recommend_only_if_user_asks_or_message_strongly_matches_issue,أنماط الشخصية 16 for AI bot.docx,36,
INFJ_cb63adeeee,INFJ,كيف تحقق أهدافك - شرح كامل لكتاب الاثنى عشر أسبوع - دوباميكافين,https://youtu.be/4Ai5WEOHzgs?si=XBab5dNudeDkhfLm,video,ar,['general_support'],[],recommend_only_if_user_asks_or_message_strongly_matches_issue,أنماط الشخصية 16 for AI bot.docx,38,
INFJ_835557522f,INFJ,Perfectionism المثالية عدو الانتاجية,https://youtu.be/QFJnI23QcB0?si=1zcP2CAnXgXJ175q,video,ar,['perfectionism'],[],recommend_only_if_user_asks_or_message_strongly_matches_issue,أنماط الشخصية 16 for AI bot.docx,41,
INFJ_9e12307a90,INFJ,ازاي اتخلص من كبت المشاعر ؟ مع د. هبة يس | افيدونا بودكاست,https://youtu.be/7fbn6Zb_uTY?si=SHWKBKwdI5tZRaQw,video,ar,"['emotional_suppression', 'conflict_avoidance_expression']",[],recommend_only_if_user_asks_or_message_strongly_matches_issue,أنماط الشخصية 16 for AI bot.docx,45,
INFJ_9ebb69ff06,INFJ,مشاعرنا هي السبب وليس الموقف السيء - السماح بالرحيل - الجزء الأول - دوباميكافين,https://youtu.be/-WhdFfl3g_A?si=2hjHrmYWeI1Zh4iw,video,ar,['emotional_suppression'],[],recommend_only_if_user_asks_or_message_strongly_matches_issue,أنماط الشخصية 16 for AI bot.docx,47,
INFJ_f25aa4805f,INFJ,5 Steps to Control Your Feelings - YouTube,https://www.youtube.com/watch?v=Nib-rtLUuvE,video,en,['general_support'],[],recommend_only_if_user_asks_or_message_strongly_matches_issue,أنماط الشخصية 16 for AI bot.docx,49,
INFP_c0ed396e3a,INFP,Four Horsemen of the Apocalypse | The Gottman Institute: Relationship Behaviors that Lead to Failure,https://youtu.be/1o30Ps-_8is?si=pLLnMzeWCdb-vWxM,video,en,['general_support'],[],recommend_only_if_user_asks_or_message_strongly_matches_issue,أنماط الشخصية 16 for AI bot.docx,69,
INFP_cf7b1e2dcf,INFP,Emotional Flooding: How Anxiety Impacts Relationships: Relationship Skills #8,https://youtu.be/7xwOZVRK_B8?si=GBMxIswXcUXCtT4E,video,en,['emotional_flooding'],[],recommend_only_if_user_asks_or_message_strongly_matches_issue,أنماط الشخصية 16 for AI bot.docx,70,
INFP_e313b0edf8,INFP,تنظيم المشاعر (١) |طرق خاطئة للتعامل مع المشاعر!,https://youtu.be/jYSlcbLH368?si=5XSt0yZM3Oz_GLSj,video,ar,['emotional_suppression'],[],recommend_only_if_user_asks_or_message_strongly_matches_issue,أنماط الشخصية 16 for AI bot.docx,72,
INFP_f72bd90d78,INFP,الذكاء العاطفي وفن إدارة المشاعر | بودكاست الغبوق,https://youtu.be/mmAX0GmrCeM?si=_1lJ4fFs3lWRVikw,video,ar,"['emotional_suppression', 'emotional_awareness']",[],recommend_only_if_user_asks_or_message_strongly_matches_issue,أنماط الشخصية 16 for AI bot.docx,73,
INFP_e30dea473c,INFP,معركة الاهتمام ضد اللا مبالاة - الجزء الاول - دوباميكافين,https://youtu.be/yJFjFu1h128?si=cRREDdtZkpsG2LND,video,ar,['general_support'],[],recommend_only_if_user_asks_or_message_strongly_matches_issue,أنماط الشخصية 16 for AI bot.docx,75,
INFP_539fdf9adf,INFP,"فن اتخاذ القرار , نصائح تساعدك اتخاذ القرار بعقلانية بدون أن تندم على قرارك الدكتور ياسر الحزيمي",https://youtu.be/JSBmUBSqeFo?si=5yRfNyWn-S59zzDi,video,ar,['decision_paralysis'],[],recommend_only_if_user_asks_or_message_strongly_matches_issue,أنماط الشخصية 16 for AI bot.docx,81,
INFP_0e2a938256,INFP,كيف تحقق أهدافك - شرح كامل لكتاب الاثنى عشر أسبوع - دوباميكافين,https://youtu.be/4Ai5WEOHzgs?si=XBab5dNudeDkhfLm,video,ar,['general_support'],[],recommend_only_if_user_asks_or_message_strongly_matches_issue,أنماط الشخصية 16 for AI bot.docx,83,
INFP_bc28fba014,INFP,How to make smart decisions more easily,https://youtu.be/X7j8F16eSqs?si=KMIKEstjAj8Iu8Hc,video,en,['general_support'],[],recommend_only_if_user_asks_or_message_strongly_matches_issue,أنماط الشخصية 16 for AI bot.docx,84,
INFP_99629690c5,INFP,Trust Your Gut: How to Make a Hard Decision,https://youtu.be/aGPYyo_Mplg?si=aynFVzxaGN8ejZSK,video,en,['general_support'],[],recommend_only_if_user_asks_or_message_strongly_matches_issue,أنماط الشخصية 16 for AI bot.docx,86,
INFP_5cdd4aa229,INFP,How to make hard choices | Ruth Chang,https://youtu.be/8GQZuzIdeQQ?si=ELD4F0rTy_cjCAxT,video,en,['general_support'],[],recommend_only_if_user_asks_or_message_strongly_matches_issue,أنماط الشخصية 16 for AI bot.docx,87,
INFP_45461fa34c,INFP,سلسلة تأسيس فهم التعافي: 33 الخيالات وأحلام اليقظة في طريق التعافي,https://youtu.be/3tbIRUEip4M?si=v3ty2y9idmcemszh,video,ar,['fantasy_escape'],[],recommend_only_if_user_asks_or_message_strongly_matches_issue,أنماط الشخصية 16 for AI bot.docx,93,
INFP_753442c424,INFP,مواجهة صعبة.. لكنك تحتاجها! - نفوس - مصطفى حسني,https://youtu.be/OrqaL9tNmjM?si=b5c6kpI5Upi6J6Ck,video,ar,['general_support'],[],recommend_only_if_user_asks_or_message_strongly_matches_issue,أنماط الشخصية 16 for AI bot.docx,95,
INFP_49c5e2dcd4,INFP,Your elusive creative genius | Elizabeth Gilbert,https://youtu.be/86x-u-tz0MA?si=DOf2e4W89lE9pBe4,video,en,['general_support'],[],recommend_only_if_user_asks_or_message_strongly_matches_issue,أنماط الشخصية 16 for AI bot.docx,97,
INFP_e37139c687,INFP,النقد والانفعالات .. التعامل مع الأخطاء | برنامج مشورة مع ياسر الحزيمي | الحلقة الثامنة عشر,https://youtu.be/_dj9BJR-U5U?si=WFiCvrROC-LQ9Yzs,video,ar,['criticism_sensitivity'],[],recommend_only_if_user_asks_or_message_strongly_matches_issue,أنماط الشخصية 16 for AI bot.docx,104,
INFP_e0abf768a0,INFP,استقبل النقد وضعه في عقلك في المكان السليم - مصطفى حسني,https://youtu.be/RuGb-bKBPzY?si=itDor1e6kv9fysPg,video,ar,['criticism_sensitivity'],[],recommend_only_if_user_asks_or_message_strongly_matches_issue,أنماط الشخصية 16 for AI bot.docx,105,
INFP_13f4847fbf,INFP,الشخص مفرط الحساسية - كتاب إلين أرون,https://youtu.be/Pim9gI7HcSs?si=a0yCji5LL2fIiiqX,video,ar,['criticism_sensitivity'],[],recommend_only_if_user_asks_or_message_strongly_matches_issue,أنماط الشخصية 16 for AI bot.docx,106,
INFP_0f786bf656,INFP,كيف تتخلص الشخصية الحساسة بداخلك و تكتشفها | جدد حياتك,https://youtu.be/MG6T5Q8DkQE?si=ZS267GEX_fw07_DO,video,ar,['emotional_absorption'],[],recommend_only_if_user_asks_or_message_strongly_matches_issue,أنماط الشخصية 16 for AI bot.docx,107,
INFP_ae88dfa6e7,INFP,3 سمات للشخص مُفرط الحساسية - مصطفى حسني,https://youtu.be/9_HmRqoShYE?si=jAEe7A3NEASMqHZD,video,ar,['criticism_sensitivity'],[],recommend_only_if_user_asks_or_message_strongly_matches_issue,أنماط الشخصية 16 for AI bot.docx,108,
ENFJ_af567d644c,ENFJ,بودكاست فاهد اجعل نفسك أولوية,https://youtu.be/a1jGmpCx1yQ?si=DhXkVcJEg1QP9_pq,video,ar,['self_priority_boundaries'],[],recommend_only_if_user_asks_or_message_strongly_matches_issue,أنماط الشخصية 16 for AI bot.docx,126,
ENFJ_a069b49707,ENFJ,لماذا أنت غير واثق في نفسك؟,https://youtu.be/MQ0_cRSvLsM?si=HKX-Ci3Eh7h3xm2O,video,ar,['general_support'],[],recommend_only_if_user_asks_or_message_strongly_matches_issue,أنماط الشخصية 16 for AI bot.docx,127,
ENFJ_311dbf4490,ENFJ,كيفية التصالح مع النفس ؟ | كلمات من ذهب تزيل الهم والقلق | من روائع دكتور مصطفي محمود,https://youtu.be/G3vYaLQc2Hk?si=TsKVycMbpsQZ4nLQ,video,ar,"['emotional_awareness', 'change_fear']",[],recommend_only_if_user_asks_or_message_strongly_matches_issue,أنماط الشخصية 16 for AI bot.docx,128,
ENFJ_d7bb008725,ENFJ,لكي تفرض احترامك، تعلم كيف تقول لا بصراحة / أ. ياسر الحزيمي,https://youtu.be/288K3jPRfRw?si=sqQTzCFnspvTQNj8,video,ar,['self_priority_boundaries'],[],recommend_only_if_user_asks_or_message_strongly_matches_issue,أنماط الشخصية 16 for AI bot.docx,129,
ENFJ_3b11efdf30,ENFJ,أكبر خطأ يرتكبه الإنسان، توقّف عن إرضاء الآخرين | بوكافيين,https://youtu.be/1UEjZHfFAJk?si=Fxwj6jdRF9vhdAfQ,video,ar,['general_support'],[],recommend_only_if_user_asks_or_message_strongly_matches_issue,أنماط الشخصية 16 for AI bot.docx,130,
ENFJ_1f3d16c223,ENFJ,A Toolkit for Confidence: How to Build UNSHAKABLE Self Confidence | The Mel Robbins Podcast,https://youtu.be/kMtNkJcJn3M?si=vfTmBA-Vi6MLkUiz,video,en,['general_support'],[],recommend_only_if_user_asks_or_message_strongly_matches_issue,أنماط الشخصية 16 for AI bot.docx,135,
ENFJ_bc4796b26c,ENFJ,كثرة المقارنة بالغير بتأثر على حال قلبك .. خلي بالك - مصطفى حسني,https://youtu.be/KcPkc_qjjcc?si=CzdHzIRBXI8g_707,video,ar,['confidence_comparison'],[],recommend_only_if_user_asks_or_message_strongly_matches_issue,أنماط الشخصية 16 for AI bot.docx,136,
ENFJ_acdc54fc16,ENFJ,شرح كتاب وهم المقارنة | 7 عادات لتحسين وضعك المادي! | بوكافيين,https://youtu.be/czfDCPdu0OQ?si=MPKpKrC9ASyBiKJa,video,ar,['confidence_comparison'],[],recommend_only_if_user_asks_or_message_strongly_matches_issue,أنماط الشخصية 16 for AI bot.docx,137,
ENFJ_2a874c3dbd,ENFJ,إزاى أبطل مقارنة؟ | مرض المقارنة | النفسية الموسم الخامس | الحلقة التاسعة | امال عطية,https://youtu.be/jv0LJ5r8M2M?si=bDoSSJw2z0RZHusr,video,ar,['confidence_comparison'],[],recommend_only_if_user_asks_or_message_strongly_matches_issue,أنماط الشخصية 16 for AI bot.docx,138,
ENFJ_60453230ec,ENFJ,Is it normal to talk to yourself?,https://youtu.be/iNyUmbmQQZg?si=7U3kCW1IBwwvpXbd,video,en,['general_support'],[],recommend_only_if_user_asks_or_message_strongly_matches_issue,أنماط الشخصية 16 for AI bot.docx,143,
ENFJ_2c851b466a,ENFJ,كيفية وضع حدود في العلاقات مع تجنب الصدامات مع د. هبة يس | افيدونا بودكاست,https://youtu.be/uuuHBKQNrJE?si=iOwcExDweiQS4RhL,video,ar,['self_priority_boundaries'],[],recommend_only_if_user_asks_or_message_strongly_matches_issue,أنماط الشخصية 16 for AI bot.docx,148,
ENFJ_9a5a0e69c7,ENFJ,الحدود والحقوق | برنامج مشورة مع ياسر الحزيمي | الحلقة التاسعة عشر,https://youtu.be/OB1uzHLdmUQ?si=L39JTsdnPS9aCjpU,video,ar,['self_priority_boundaries'],[],recommend_only_if_user_asks_or_message_strongly_matches_issue,أنماط الشخصية 16 for AI bot.docx,149,
ENFJ_63c30a033e,ENFJ,الحلقة 13 - الحدود والخصوصية - بصير - مصطفى حسني - EPS 13 - Baseer - Mustafa Hosny,https://youtu.be/n9kbuRh7d7k?si=Ys9p3leZxcvCvyfe,video,ar,['self_priority_boundaries'],[],recommend_only_if_user_asks_or_message_strongly_matches_issue,أنماط الشخصية 16 for AI bot.docx,150,
ENFP_447fec7f42,ENFP,ما الشئ الذي ساعدك في اكتساب مهارة الانضباط ؟ - YouTube,https://youtube.com/shorts/LtBcEIgNZPM?si=tD3r1yBoHss_vn9v,video,ar,['focus_discipline'],[],recommend_only_if_user_asks_or_message_strongly_matches_issue,أنماط الشخصية 16 for AI bot.docx,179,
ENFP_7fd9c91df1,ENFP,التسويف | أسبابه وعلاجه وكيف تتخلص من التسويف؟,https://youtu.be/GZpk7Vqv3jQ?si=kr-XCsDBASLUtUyk,video,ar,['focus_discipline'],[],recommend_only_if_user_asks_or_message_strongly_matches_issue,أنماط الشخصية 16 for AI bot.docx,180,
ENFP_7b3b913e2d,ENFP,تخلص من تعفن الدماغ في ٥ خطوات و استرجع عقلك,https://youtu.be/uVHJBwomd8g?si=XXynLU5AD-b6aNxL,video,ar,['general_support'],[],recommend_only_if_user_asks_or_message_strongly_matches_issue,أنماط الشخصية 16 for AI bot.docx,181,
ENFP_1d88501208,ENFP,كيف تتحرر من استعباد التليفون لك؟,https://youtu.be/EDbTO7ab4r4?si=Wfn8p3UIZVtonk45,video,ar,['general_support'],[],recommend_only_if_user_asks_or_message_strongly_matches_issue,أنماط الشخصية 16 for AI bot.docx,182,
ENFP_98952920b2,ENFP,شرح كتاب قوة التركيز العميق| كيف تركز على حياتك أكثر؟ | بوكافيين,https://youtu.be/kXfToHDYEWs?si=5yEJ041gev7s93YJ,video,ar,['focus_discipline'],[],recommend_only_if_user_asks_or_message_strongly_matches_issue,أنماط الشخصية 16 for AI bot.docx,183,
ENFP_200c699490,ENFP,وش ممكن يسوي التشتت في حياتك؟ وكيف انا عالجت تشتتي!,https://youtu.be/Ubq9xsnsDCA?si=AN_B99V3J-Z1QwXj,video,ar,['focus_discipline'],[],recommend_only_if_user_asks_or_message_strongly_matches_issue,أنماط الشخصية 16 for AI bot.docx,184,
ENFP_a1ef1000e3,ENFP,٧ حلول بسيطة لمشكلة ضعف التركيز وتشتت الانتباه | افتح عقلك,https://youtu.be/9CMLAwL8pDo?si=ugCSWWujPHZfqfjD,video,ar,['focus_discipline'],[],recommend_only_if_user_asks_or_message_strongly_matches_issue,أنماط الشخصية 16 for AI bot.docx,185,
ENFP_927da34812,ENFP,لو محتار في قرار.. جرب تعديه على الأربع خطوات دول‎ - مصطفى حسني,https://youtu.be/oYCw5aClrwg?si=8p_JA8um3NdVFPss,video,ar,['general_support'],[],recommend_only_if_user_asks_or_message_strongly_matches_issue,أنماط الشخصية 16 for AI bot.docx,186,
ENFP_c540fd8bca,ENFP,"فن اتخاذ القرار , نصائح تساعدك اتخاذ القرار بعقلانية بدون أن تندم على قرارك الدكتور ياسر الحزيمي",https://youtu.be/JSBmUBSqeFo?si=YI4kAqTAPysOUmZR,video,ar,['decision_paralysis'],[],recommend_only_if_user_asks_or_message_strongly_matches_issue,أنماط الشخصية 16 for AI bot.docx,187,
ENFP_c478af716e,ENFP,كيف تتخذ قراراتك الصعبة؟ | بوكافيين,https://youtu.be/H8JHxNvLmNo?si=DovTe2eCrGSWxlZt,video,ar,['decision_paralysis'],[],recommend_only_if_user_asks_or_message_strongly_matches_issue,أنماط الشخصية 16 for AI bot.docx,188,
INTJ_d1c2ab272f,INTJ,الوعي الذاتي (الوعي العاطفي),https://youtu.be/DooZv887W4c?si=uU2btj97etUazT_c,video,ar,['emotional_awareness'],[],recommend_only_if_user_asks_or_message_strongly_matches_issue,أنماط الشخصية 16 for AI bot.docx,200,
INTJ_97c2975914,INTJ,مبقتش أثق في أي حد علشان محدش يستحق الثقة.. إيه المشكلة؟ - مصطفى حسني,https://youtu.be/zR8FB38n5Vk?si=77uLmTRVShQXKIXi,video,ar,"['confidence_comparison', 'emotional_awareness']",[],recommend_only_if_user_asks_or_message_strongly_matches_issue,أنماط الشخصية 16 for AI bot.docx,201,
INTJ_1336d30e13,INTJ,من فقدان الثقة إلى التعافي - التحرر من الماضي,https://youtu.be/xq5m5QHZ0NQ?si=mSgCfTL-k6s7JNoQ,video,ar,"['confidence_comparison', 'emotional_awareness', 'change_fear']",[],recommend_only_if_user_asks_or_message_strongly_matches_issue,أنماط الشخصية 16 for AI bot.docx,202,
INTJ_6dd23c70a2,INTJ,إزاي ترتاح من التفكير في اللي ظلمك؟ (آية هتغير حياتك) #شخبطة,https://youtu.be/wj5x4EOBtLQ?si=DzjwnxC_MiVuFIbY,video,ar,['general_support'],[],recommend_only_if_user_asks_or_message_strongly_matches_issue,أنماط الشخصية 16 for AI bot.docx,203,
INTJ_d7f3e3219f,INTJ,أخطاء تُدمر فريق عملك - كتاب العوامل الخمسة لخلل العمل الجماعي,https://youtu.be/x1gEqjuZW1k?si=bXxUpps5XAJlrzjr,video,ar,['general_support'],[],recommend_only_if_user_asks_or_message_strongly_matches_issue,أنماط الشخصية 16 for AI bot.docx,204,
INTJ_414f52dbfe,INTJ,شرح كتاب إزالة القلق| كيف تتخلص من القلق والتوتر؟ | بوكافيين,https://youtu.be/2Di8_QlO9vM?si=Be4EY4UA7p4z0W3U,video,ar,"['emotional_awareness', 'change_fear']",[],recommend_only_if_user_asks_or_message_strongly_matches_issue,أنماط الشخصية 16 for AI bot.docx,205,
INTP_13942d55da,INTP,بودكاست سيكولوجيا | هل أنت مُتأخر مهنيًا مع هاجر القايدي,https://youtu.be/AK-0Smr7b1o?si=c3N9bh9xn3gZQEeU,video,ar,['general_support'],[],recommend_only_if_user_asks_or_message_strongly_matches_issue,أنماط الشخصية 16 for AI bot.docx,217,
INTP_c726d9db7f,INTP,سلسلة تأسيس فهم التعافي: 19 عن الفوضى في حياتنا,https://youtu.be/V9KFVhO2xfs?si=yZ5ClvCTsFL3g8TM,video,ar,['general_support'],[],recommend_only_if_user_asks_or_message_strongly_matches_issue,أنماط الشخصية 16 for AI bot.docx,218,
INTP_36ebd06c4e,INTP,هل تشعر بأن أمورك كلها قضايا حياة أو موت؟ | بوكافيين,https://youtu.be/BOnvRSNMbJ0?si=fAWRfI4ztLgCcKY2,video,ar,['general_support'],[],recommend_only_if_user_asks_or_message_strongly_matches_issue,أنماط الشخصية 16 for AI bot.docx,219,
INTP_921b0891f0,INTP,فيديو مـ ـرعب سبب الخمول و الكسل و التشتت وعدم التركيز و إدمان التليفون 📱 الشيخ أمجد سمير,https://youtu.be/R7KhvG4PwlM?si=hedEtS5cBlmBVxxt,video,ar,['focus_discipline'],[],recommend_only_if_user_asks_or_message_strongly_matches_issue,أنماط الشخصية 16 for AI bot.docx,220,
INTP_0e1874ebee,INTP,🤯 لقيت حل للتفكير المفرط (الأوفرثينكنج),https://youtu.be/Zy3xB0YL6dQ?si=Kr9hAFjLl8-Ad7TH,video,ar,['overthinking'],[],recommend_only_if_user_asks_or_message_strongly_matches_issue,أنماط الشخصية 16 for AI bot.docx,221,
INTP_c6049ae3a7,INTP,Jay Shetty: 2 Minute Trick To STOP Overthinking INSTANTLY!,https://youtu.be/uVxNDoDa7A4?si=d3_kdoaQ_zq456Fw,video,en,['overthinking'],[],recommend_only_if_user_asks_or_message_strongly_matches_issue,أنماط الشخصية 16 for AI bot.docx,222,
ENTJ_9d2df096e7,ENTJ,يعني ايه ذكاء عاطفي ❤️🧠، كتاب: النوع الآخر من الذكاء #أخضر,https://youtu.be/_W6IOJDvid0?si=7tO25aZoYvo0gufr,video,ar,['emotional_awareness'],[],recommend_only_if_user_asks_or_message_strongly_matches_issue,أنماط الشخصية 16 for AI bot.docx,234,
ENTJ_1cd0e89234,ENTJ,ماهي صفات الشخص الغبي عاطفياً؟ | بودكاست شنو القصة مع الكاتب عبد الرحمن الناقي,https://youtu.be/QVf71ZGCo84?si=MQN8k-EuzeHZRNfH,video,ar,['emotional_awareness'],[],recommend_only_if_user_asks_or_message_strongly_matches_issue,أنماط الشخصية 16 for AI bot.docx,235,
ENTJ_31c82dc3f4,ENTJ,خطورة الربط بين الإنجاز والشعور بالقيمة والمعنى الحقيقي لتحقيق الذات| مصطفى حسان,https://youtu.be/hQ-8YiKNdZQ?si=CCdSPri--ruKd14U,video,ar,['achievement_self_worth'],[],recommend_only_if_user_asks_or_message_strongly_matches_issue,أنماط الشخصية 16 for AI bot.docx,236,
ENTJ_d9a8b2a2c0,ENTJ,التفكير المفرط بيستهلك طاقتك وبيفقدك تركيزك.. اعرف إزاي تتعامل معاه صح - مصطفى حسني,https://youtu.be/Sx_3VA9SF10?si=kfyR-we2ap50AzkQ,video,ar,['general_support'],[],recommend_only_if_user_asks_or_message_strongly_matches_issue,أنماط الشخصية 16 for AI bot.docx,237,
ENTJ_05c33cb967,ENTJ,عبء الإنجاز !! مشكلة الاعتماد على الانجاز في رفع القيمة الذاتية ؟ | النفسية - امال عطية | افيدونا,https://youtu.be/XgUHqFZe7pg?si=AgxdEEbi6O-dA-a_,video,ar,['achievement_self_worth'],[],recommend_only_if_user_asks_or_message_strongly_matches_issue,أنماط الشخصية 16 for AI bot.docx,238,
ENTJ_1673ff32a0,ENTJ,اوعي تكون غرقان في الوهم : كتاب وهم الإنجاز 😵‍💫 #أخضر,https://youtu.be/LGdOz3oYpQg?si=VC2VQ0wr_dqLUmKv,video,ar,"['emotional_awareness', 'achievement_self_worth']",[],recommend_only_if_user_asks_or_message_strongly_matches_issue,أنماط الشخصية 16 for AI bot.docx,239,
ENTP_62eb4397c5,ENTP,لماذا نفقد الارادة ونصاب بالكسل ؟ - قوة العادات - الجزء الثالث - دوباميكافين,https://youtu.be/XO5sFQ4qR7U?si=HWKLFH06VySxH6Jl,video,ar,['general_support'],[],recommend_only_if_user_asks_or_message_strongly_matches_issue,أنماط الشخصية 16 for AI bot.docx,251,
ISTJ_3f93a2e351,ISTJ,الخوف | ياسر الحزيمي,https://youtu.be/6N_AMqOOuiY?si=BQexl18fVl3PJMH6,video,ar,['change_fear'],[],recommend_only_if_user_asks_or_message_strongly_matches_issue,أنماط الشخصية 16 for AI bot.docx,263,
ISTJ_e1e50b710a,ISTJ,شرح كتاب إزالة القلق| كيف تتخلص من القلق والتوتر؟ | بوكافيين,https://youtu.be/2Di8_QlO9vM?si=YYZ6CLVK50plsptU,video,ar,"['emotional_awareness', 'change_fear']",[],recommend_only_if_user_asks_or_message_strongly_matches_issue,أنماط الشخصية 16 for AI bot.docx,264,
ISTJ_3d98fa94ae,ISTJ,الخوف من الخطأ | الحرية النفسية مع نائلة السقاف #eft,https://youtu.be/BuFrtceB0uU?si=3F_u7OhM3HuRZry7,video,ar,['change_fear'],[],recommend_only_if_user_asks_or_message_strongly_matches_issue,أنماط الشخصية 16 for AI bot.docx,265,
ISTJ_a331924adc,ISTJ,لو إنت مُنهك نفسيًا وعاطفيًا وجسديًا.. اسمع الكنز ده - مصطفى حسني,https://youtu.be/vJ8CtPg6s-I?si=dsWDPd1yOYJXPtnJ,video,ar,['emotional_awareness'],[],recommend_only_if_user_asks_or_message_strongly_matches_issue,أنماط الشخصية 16 for AI bot.docx,266,
ISTJ_ece92c8488,ISTJ,كيف تتعامل مع الماضي السيء؟,https://youtu.be/Ex9PnYEjQv4?si=3_IkmBeTe8eNAXep,video,ar,['change_fear'],[],recommend_only_if_user_asks_or_message_strongly_matches_issue,أنماط الشخصية 16 for AI bot.docx,267,
ISTJ_ebb2082a65,ISTJ,تقبل الأشياء اللي حصلت ووجعتك في الماضي - مصطفى حسني,https://youtu.be/tbb_CJMZXS4?si=ZoqViy0DCkRpV2pK,video,ar,['change_fear'],[],recommend_only_if_user_asks_or_message_strongly_matches_issue,أنماط الشخصية 16 for AI bot.docx,268,
ISTJ_fe50f9c9a6,ISTJ,أنت المسئول عن علاج نفسك بعد كل أزمة بتمر بيها! - مصطفى حسني,https://youtu.be/8JelLzuhv6k?si=lu7GUYexcM5u71cc,video,ar,['general_support'],[],recommend_only_if_user_asks_or_message_strongly_matches_issue,أنماط الشخصية 16 for AI bot.docx,269,
ISTJ_294c8b1ca1,ISTJ,وهم الماضي والمستقبل وحقيقة الآن - شرح كامل لكتاب قوة الان - دوباميكافين,https://youtu.be/Tw_p7pFbRFg?si=NSxq1Fft9j9b_oyC,video,ar,['change_fear'],[],recommend_only_if_user_asks_or_message_strongly_matches_issue,أنماط الشخصية 16 for AI bot.docx,270,
ISTJ_2d8ca8ad21,ISTJ,لماذا أصبحنا أضعف وأكثر عرضة للكسر؟ | بوكافيين,https://youtu.be/HoCH_8eDxk8?si=hdXNRHfXNNwQXB1z,video,ar,['general_support'],[],recommend_only_if_user_asks_or_message_strongly_matches_issue,أنماط الشخصية 16 for AI bot.docx,271,
ISTJ_e9d9e4b29a,ISTJ,شرح الطريقة العملية للسماح بالرحيل و سلم هاوكنز - السماح بالرحيل - الجزء الثاني - دوباميكافين,https://youtu.be/mXS2swVVRbU?si=8yhWS0cQ92jN7nFZ,video,ar,['general_support'],[],recommend_only_if_user_asks_or_message_strongly_matches_issue,أنماط الشخصية 16 for AI bot.docx,272,
ISFJ_837523204e,ISFJ,شرح كتاب ربما ينبغي أن تكلم أحداً| كيف تفسر مشاكلك بشكل أفضل؟ | بوكافيين,https://youtu.be/8ZouP1OK53Y?si=WX2HZdX0Frb0N59m,video,ar,['general_support'],[],recommend_only_if_user_asks_or_message_strongly_matches_issue,أنماط الشخصية 16 for AI bot.docx,283,
ISFJ_e2373b78b2,ISFJ,الحلقة 17 - الخوف والقلق - بصير - مصطفى حسني - EPS 17 - Baseer - Mustafa Hosny,https://youtu.be/OELDdInSgwg?si=3IjVfWXK28hIQT5m,video,ar,"['emotional_awareness', 'change_fear']",[],recommend_only_if_user_asks_or_message_strongly_matches_issue,أنماط الشخصية 16 for AI bot.docx,284,
ISFJ_19582be60d,ISFJ,لو إنت مُنهك نفسيًا وعاطفيًا وجسديًا.. اسمع الكنز ده - مصطفى حسني,https://youtu.be/vJ8CtPg6s-I?si=BMz9iobac3EJePjA,video,ar,['emotional_awareness'],[],recommend_only_if_user_asks_or_message_strongly_matches_issue,أنماط الشخصية 16 for AI bot.docx,285,
ISFJ_a8283da412,ISFJ,العلاقات في حياتنا .. متى نبدأها وكيف نحافظ عليها ؟ - م.طرفة المهيلب,https://youtu.be/XDYUFPe4PXw?si=StQAFZzCHsFHhTHb,video,ar,['general_support'],[],recommend_only_if_user_asks_or_message_strongly_matches_issue,أنماط الشخصية 16 for AI bot.docx,286,
ISFJ_aaf21d4102,ISFJ,٦ شخصيات سامة (كيف نتعامل معها؟) | بودكاست الهنوف,https://youtu.be/GIFasEMWC8A?si=_86umMxyai7TfbUK,video,ar,['general_support'],[],recommend_only_if_user_asks_or_message_strongly_matches_issue,أنماط الشخصية 16 for AI bot.docx,287,
ISFJ_3241d71ef5,ISFJ,ماهو التعلق وأسبابه وكيفية التخلص منه؟ | د.الهنوف الحقيل,https://youtu.be/9_HaE9ptJ5U?si=R5xjB4NE6gGs2pUx,video,ar,['general_support'],[],recommend_only_if_user_asks_or_message_strongly_matches_issue,أنماط الشخصية 16 for AI bot.docx,288,
ISFJ_92576f41d6,ISFJ,إزاي أعرف إن العلاقة سامة أو مرهقة؟ - مصطفى حسني,https://youtu.be/niqkTP5nddg?si=lELgIvvk554D8bcr,video,ar,['self_sacrifice'],[],recommend_only_if_user_asks_or_message_strongly_matches_issue,أنماط الشخصية 16 for AI bot.docx,289,
ISFJ_65010ae92a,ISFJ,دخلت علاقة حرام والألم مسيطر عليا.. أعمل إيه؟ - مصطفى حسني,https://youtu.be/3pDrvIOmmN4?si=UVt_HO0iO_RCLJ1G,video,ar,"['self_sacrifice', 'pain_escape_planning']",[],recommend_only_if_user_asks_or_message_strongly_matches_issue,أنماط الشخصية 16 for AI bot.docx,290,
ISFJ_c8ce5e26db,ISFJ,https://youtu.be/eYV6gNgijno?si=HHIDVgbz5vOIfbXA,https://youtu.be/eYV6gNgijno?si=HHIDVgbz5vOIfbXA,video,en,['general_support'],[],recommend_only_if_user_asks_or_message_strongly_matches_issue,أنماط الشخصية 16 for AI bot.docx,291,
ISFJ_27f645b04a,ISFJ,شرح كتاب الدردشة العقلية | كيف تتحكم بصوتك الداخلي؟ | بوكافيين,https://youtu.be/20ShWgxH_0M?si=Methqr8onfokSlCQ,video,ar,['general_support'],[],recommend_only_if_user_asks_or_message_strongly_matches_issue,أنماط الشخصية 16 for AI bot.docx,292,
ESTJ_b5abfa2e29,ESTJ,كيف أتقبل أفكار الاخرين؟ وافهم وجهات النظر | Life Skills,https://youtu.be/fZye-J38u0Y?si=9Z9a4lGMdc91fa0l,video,ar,['general_support'],[],recommend_only_if_user_asks_or_message_strongly_matches_issue,أنماط الشخصية 16 for AI bot.docx,303,
ESTJ_b1958aa14b,ESTJ,أسئلة عن كيفية تقبل الناس - مصطفى حسني,https://youtu.be/Oy2ctGgbGWg?si=KOuObYhxpXKss15X,video,ar,['general_support'],[],recommend_only_if_user_asks_or_message_strongly_matches_issue,أنماط الشخصية 16 for AI bot.docx,304,
ESTJ_5f3fdc90ca,ESTJ,البحث عن معنى في الحياة | دوباميكافين +,https://youtu.be/gnOuy2kandU?si=AGyp8C2Wxfs3Z_nO,video,ar,['general_support'],[],recommend_only_if_user_asks_or_message_strongly_matches_issue,أنماط الشخصية 16 for AI bot.docx,305,
ESTJ_fd22b65d2d,ESTJ,https://youtube.com/shorts/zznjUNjo9JE?si=NjEyBulT4ebNSRLV,https://youtube.com/shorts/zznjUNjo9JE?si=NjEyBulT4ebNSRLV,video,en,['general_support'],[],recommend_only_if_user_asks_or_message_strongly_matches_issue,أنماط الشخصية 16 for AI bot.docx,306,
ESTJ_ae5bb1f4fc,ESTJ,عُمار الأرض - كيف تكتسب مهارة المرونة - مصطفى حسني,https://youtu.be/ygv5ZMD48aY?si=JfvVY-LSZQEkdWlx,video,ar,['general_support'],[],recommend_only_if_user_asks_or_message_strongly_matches_issue,أنماط الشخصية 16 for AI bot.docx,307,
ESTJ_75f4f03957,ESTJ,شرح كتاب المرونة | كيف تتعامل مع ظروفك بشكل أفضل؟ | بوكافيين,https://youtu.be/XKW1F1uK72M?si=VVp8cb8r9_XG1wzD,video,ar,['general_support'],[],recommend_only_if_user_asks_or_message_strongly_matches_issue,أنماط الشخصية 16 for AI bot.docx,308,
ESFJ_bc423b3d89,ESFJ,لو كلام الناس بيجرحك.. اسمع الدوا من كنوزالآية دي - مصطفى حسني,https://youtu.be/CbizhwSeaE4?si=q4L52RK2NyEN1wzm,video,ar,['general_support'],[],recommend_only_if_user_asks_or_message_strongly_matches_issue,أنماط الشخصية 16 for AI bot.docx,319,
ESFJ_730d3d8e23,ESFJ,الدحيح - الرفض,https://youtu.be/12LBGRT2cho?si=wjaZ0tnAVv0a5N8m,video,ar,['social_anxiety_rejection'],[],recommend_only_if_user_asks_or_message_strongly_matches_issue,أنماط الشخصية 16 for AI bot.docx,320,
ESFJ_b4535d9464,ESFJ,كيف تتخطى ألم الشعور بالرفض؟ - مصطفى حسني,https://youtu.be/TkGthx-nIHU?si=Oeqe0bIl9UzaY5JN,video,ar,['social_anxiety_rejection'],[],recommend_only_if_user_asks_or_message_strongly_matches_issue,أنماط الشخصية 16 for AI bot.docx,321,
ESFJ_853e833aaa,ESFJ,"What causes panic attacks, and how can you prevent them? - Cindy J. Aaronson",https://youtu.be/IzFObkVRSV0?si=qYlI4U5YYJ3z9T8L,video,en,['general_support'],[],recommend_only_if_user_asks_or_message_strongly_matches_issue,أنماط الشخصية 16 for AI bot.docx,322,
ESFJ_c33d546429,ESFJ,"Social Anxiety Disorder - causes, symptoms, diagnosis, treatment, pathology",https://youtu.be/QLjPrNe63kk?si=q_w7IKjfbjYBy-TW,video,en,['general_support'],[],recommend_only_if_user_asks_or_message_strongly_matches_issue,أنماط الشخصية 16 for AI bot.docx,323,
ESFJ_f681910a33,ESFJ,How To STOP Letting Social Anxiety Control You,https://youtu.be/wbroM1Di-bI?si=bNeAGEYcWsGWHj1B,video,en,['general_support'],[],recommend_only_if_user_asks_or_message_strongly_matches_issue,أنماط الشخصية 16 for AI bot.docx,324,
ESFJ_622e69b18b,ESFJ,6 Tips To Overcome Social Anxiety (Affects Our Everyday Life),https://youtu.be/X_ZKkvhXNJk?si=Vf8JZyFUUQ9cKyGF,video,en,['general_support'],[],recommend_only_if_user_asks_or_message_strongly_matches_issue,أنماط الشخصية 16 for AI bot.docx,325,
ESFJ_817bfa4439,ESFJ,ازاي تقضي علي شبح الرهاب الاجتماعي‼️,https://youtu.be/Xbu4GMtr4LI?si=msXDqW4d-X289Klm,video,ar,['social_anxiety_rejection'],[],recommend_only_if_user_asks_or_message_strongly_matches_issue,أنماط الشخصية 16 for AI bot.docx,326,
ESFJ_b7964424ac,ESFJ,د.سمية الناصر | فقدان الذات,https://youtu.be/HLoTYACYb30?si=DEWLkDzsq2Azq6c-,video,ar,['general_support'],[],recommend_only_if_user_asks_or_message_strongly_matches_issue,أنماط الشخصية 16 for AI bot.docx,327,
ESFJ_c93caa7e6f,ESFJ,التشتت والضياع / فقدان الذات,https://youtu.be/WYLntKp0QKc?si=6V7W6UxPNwyUQoCQ,video,ar,['focus_discipline'],[],recommend_only_if_user_asks_or_message_strongly_matches_issue,أنماط الشخصية 16 for AI bot.docx,328,
ESFJ_235ec89cf8,ESFJ,كيف تتخلص من القلق وتستمتع بالحياة؟ | دوباميكافين +,https://youtu.be/IbV_TucY3Go?si=qI_7Xxt2duTFHVl3,video,ar,"['emotional_awareness', 'change_fear']",[],recommend_only_if_user_asks_or_message_strongly_matches_issue,أنماط الشخصية 16 for AI bot.docx,329,
ESFJ_f1a26102c4,ESFJ,شرح كتاب إزالة القلق| كيف تتخلص من القلق والتوتر؟ | بوكافيين,https://youtu.be/2Di8_QlO9vM?si=x3Mlgp2P1uBKQB0H,video,ar,"['emotional_awareness', 'change_fear']",[],recommend_only_if_user_asks_or_message_strongly_matches_issue,أنماط الشخصية 16 for AI bot.docx,330,
ESFJ_7ecfc95ce8,ESFJ,لا أستطيع التحمل - مصطفى حسني,https://youtu.be/QH55-YY32h0?si=VSBU4izwsN0XvN2K,video,ar,['general_support'],[],recommend_only_if_user_asks_or_message_strongly_matches_issue,أنماط الشخصية 16 for AI bot.docx,331,
ISTP_643f96d1de,ISTP,إزاي تتعامل مع إحساس الغُربة والوحدة | خواطر نفسية مع دكتور مصطفى النحاس | رمضان 2021,https://youtu.be/PgkXfMG7lsE?si=mgSDQga_huhoy45a,video,ar,['loneliness_commitment'],[],recommend_only_if_user_asks_or_message_strongly_matches_issue,أنماط الشخصية 16 for AI bot.docx,343,
ISTP_c0c9eb2fe1,ISTP,لو حاسس بوحدة.. اسمع كنوز الدراسة دي - مصطفى حسني,https://youtu.be/eVt9iCy8lUg?si=n--LTkZICvqDfVEw,video,ar,['general_support'],[],recommend_only_if_user_asks_or_message_strongly_matches_issue,أنماط الشخصية 16 for AI bot.docx,344,
ISTP_6ef3078568,ISTP,التفكير المفرط بيستهلك طاقتك وبيفقدك تركيزك.. اعرف إزاي تتعامل معاه صح - مصطفى حسني,https://youtu.be/Sx_3VA9SF10?si=Q4qQnYEOl1dowmcF,video,ar,['general_support'],[],recommend_only_if_user_asks_or_message_strongly_matches_issue,أنماط الشخصية 16 for AI bot.docx,345,
ISTP_8ca945720e,ISTP,68 - هوِّن على نفسك - مصطفى حسني - فكَّر - الموسم الثاني,https://youtu.be/C3oyqf1xmVM?si=2Gp0xBjMOoMr9jU5,video,ar,['general_support'],[],recommend_only_if_user_asks_or_message_strongly_matches_issue,أنماط الشخصية 16 for AI bot.docx,346,
ISTP_154bb2ed67,ISTP,النضج العاطفي | النفسية الموسم الرابع | الحلقة الثانية و العشرون | النفسية - امال عطية,https://youtu.be/iaL7J3D0tQQ?si=EboYt-28sXMH05ot,video,ar,['emotional_awareness'],[],recommend_only_if_user_asks_or_message_strongly_matches_issue,أنماط الشخصية 16 for AI bot.docx,347,
ISTP_b4e3d01e6b,ISTP,شرح كتاب ربما ينبغي أن تكلم أحداً| كيف تفسر مشاكلك بشكل أفضل؟ | بوكافيين,https://youtu.be/8ZouP1OK53Y?si=txd7bwHTmQ9Ei5Nv,video,ar,['general_support'],[],recommend_only_if_user_asks_or_message_strongly_matches_issue,أنماط الشخصية 16 for AI bot.docx,348,
ISFP_ed6e45783d,ISFP,علشان ماتوصلش لمرحلة الكبت والانفجار اسمع الكنز ده - مصطفى حسني,https://youtu.be/3gYWUCqE_Fk?si=pj925zQq_5aLeEph,video,ar,"['emotional_suppression', 'conflict_avoidance_expression']",[],recommend_only_if_user_asks_or_message_strongly_matches_issue,أنماط الشخصية 16 for AI bot.docx,359,
ISFP_34a80dd253,ISFP,فكرة لتخفيف القلق - مصطفى حسني,https://youtu.be/GWlouFpaA0s?si=1VwGbAY3noCkKq7b,video,ar,"['emotional_awareness', 'change_fear']",[],recommend_only_if_user_asks_or_message_strongly_matches_issue,أنماط الشخصية 16 for AI bot.docx,360,
ISFP_38ce64e280,ISFP,إزاي ترتاح مع نفسك وتوقف الصراع اللي جواك ؟,https://youtu.be/S4pBxigbRNM?si=BN7ovW-L3q19Bm1C,video,ar,['conflict_avoidance_expression'],[],recommend_only_if_user_asks_or_message_strongly_matches_issue,أنماط الشخصية 16 for AI bot.docx,361,
ISFP_e362d34b6b,ISFP,كيف تتخلص من الصراع الداخلي الذي تعيش فيه د/ مصطفى محمود,https://youtu.be/qV3g-9eiNAo?si=Reztn2euBWI2eFmr,video,ar,['conflict_avoidance_expression'],[],recommend_only_if_user_asks_or_message_strongly_matches_issue,أنماط الشخصية 16 for AI bot.docx,362,
ISFP_26973e8ad1,ISFP,تبلد المشاعر مؤشر خطر ! - أ/ آمال عطية,https://youtu.be/I9Du6oW2Xsw?si=9dQaC4MXc0j5Ceve,video,ar,['emotional_suppression'],[],recommend_only_if_user_asks_or_message_strongly_matches_issue,أنماط الشخصية 16 for AI bot.docx,363,
ISFP_6894b09446,ISFP,ما هي اسباب عدم القدرة على التعبير عن المشاعر,https://youtu.be/MT7vvMgyuxE?si=UeF2j34njfYh_7r-,video,ar,"['emotional_suppression', 'conflict_avoidance_expression']",[],recommend_only_if_user_asks_or_message_strongly_matches_issue,أنماط الشخصية 16 for AI bot.docx,364,
ISFP_14896c2b32,ISFP,التعبير عن المشاعر مش ضعف !. كيف نعبر عن مشاعرنا بشكل صحيح كما فعل النبي عليه السلام ؟,https://youtu.be/MbWtPaTTnnw?si=mRSjrVlA8QBWiyAJ,video,ar,"['emotional_suppression', 'conflict_avoidance_expression']",[],recommend_only_if_user_asks_or_message_strongly_matches_issue,أنماط الشخصية 16 for AI bot.docx,365,
ISFP_705361eb45,ISFP,ليش نغضب وكيف نواجه غضبنا؟ | بودكاست الهنوف,https://youtu.be/O8YPKr6P9x4?si=dfM7W5ZeVd27k5UY,video,ar,['general_support'],[],recommend_only_if_user_asks_or_message_strongly_matches_issue,أنماط الشخصية 16 for AI bot.docx,366,
ISFP_19ceb504e8,ISFP,تنظيم المشاعر (٣) | كيف أفهم شعوري؟,https://youtu.be/T9AQM8eUc2Q?si=Mjf6uK3MM5YhyDhG,video,ar,['emotional_suppression'],[],recommend_only_if_user_asks_or_message_strongly_matches_issue,أنماط الشخصية 16 for AI bot.docx,367,
ISFP_4e74a1515b,ISFP,تنظيم المشاعر (١) |طرق خاطئة للتعامل مع المشاعر!,https://youtu.be/jYSlcbLH368?si=Rogw2Exrx-ZPZvmo,video,ar,['emotional_suppression'],[],recommend_only_if_user_asks_or_message_strongly_matches_issue,أنماط الشخصية 16 for AI bot.docx,368,
ISFP_c64f6b49dd,ISFP,من الحبُ إلى النضج العاطفي” – بودكاست جلسة | م. عزة الغامدي,https://youtu.be/EswT5U5_L-k?si=9cG1eRRPNRaIxcJH,video,ar,['emotional_awareness'],[],recommend_only_if_user_asks_or_message_strongly_matches_issue,أنماط الشخصية 16 for AI bot.docx,369,
ESTP_2e9f5a6d65,ESTP,البحث عن السعادة | الدحيح,https://youtu.be/XKnkiSJGjTk?si=zv8VrFvBUuG9ZlGQ,video,ar,['general_support'],[],recommend_only_if_user_asks_or_message_strongly_matches_issue,أنماط الشخصية 16 for AI bot.docx,380,
ESTP_51ad50c359,ESTP,3 وصايا لتدير الملل - مصطفى حسني,https://youtu.be/iIRusC7_nH4?si=e3x0jJKudzG3qPtr,video,ar,['risk_impulsivity'],[],recommend_only_if_user_asks_or_message_strongly_matches_issue,أنماط الشخصية 16 for AI bot.docx,381,
ESTP_ef432da2bd,ESTP,https://youtube.com/shorts/UW3NZTFuVVA?si=0BJzMHyTx65MJ3FO,https://youtube.com/shorts/UW3NZTFuVVA?si=0BJzMHyTx65MJ3FO,video,en,['general_support'],[],recommend_only_if_user_asks_or_message_strongly_matches_issue,أنماط الشخصية 16 for AI bot.docx,382,
ESTP_b4fa398451,ESTP,فنون الاستقرار النفسي: تقنيات فعّالة للتعامل مع الأزمات بثقة,https://youtu.be/8_l-H5uPdEY?si=_puQ3rMst9g1JGwX,video,ar,['general_support'],[],recommend_only_if_user_asks_or_message_strongly_matches_issue,أنماط الشخصية 16 for AI bot.docx,383,
ESTP_333ad2e7e3,ESTP,افضل نظام لإدارة المال - كفيل بتغيير حياتك - دوباميكافين,https://youtu.be/loGAyJTbu88?si=lUMJ0IYfvAJFiPL8,video,ar,['risk_impulsivity'],[],recommend_only_if_user_asks_or_message_strongly_matches_issue,أنماط الشخصية 16 for AI bot.docx,384,
ESTP_0df46d281c,ESTP,إزاى تتعامل مع المشاكل والابتلاءات مع الدكتور إبراهيم الفقي,https://youtu.be/DSt2LmEHLBk?si=UJRpNDROr6ZxA4yG,video,ar,['general_support'],[],recommend_only_if_user_asks_or_message_strongly_matches_issue,أنماط الشخصية 16 for AI bot.docx,385,
ESFP_efae59e4b8,ESFP,لن تهزم الألم إن هربت من مواجهته - كتاب أمة الدوبامين - الجزء الثاني - دوباميكافين,https://youtu.be/XG9Bg5nZXaE?si=-wXsx1oXVwvxNOk3,video,ar,['pain_escape_planning'],[],recommend_only_if_user_asks_or_message_strongly_matches_issue,أنماط الشخصية 16 for AI bot.docx,396,
ESFP_5f8cfb1b73,ESFP,الألم: ما هو؟ أسبابه؟ وحلوله، وكيفية التعايش معه. -بودكاست ريلب |م.عزة الغامدي,https://youtu.be/NFDAdUN1mAI?si=NYgNfpYslWkOF2lQ,video,ar,['pain_escape_planning'],[],recommend_only_if_user_asks_or_message_strongly_matches_issue,أنماط الشخصية 16 for AI bot.docx,397,
ESFP_0e50ec39c7,ESFP,كيف تنجح وأنت متخاذل ضعيف الإرادة؟,https://youtu.be/WHTITfW9X8E?si=_fd1_XrXnKNeTNAq,video,ar,['general_support'],[],recommend_only_if_user_asks_or_message_strongly_matches_issue,أنماط الشخصية 16 for AI bot.docx,398,
ESFP_cf4f0e0daa,ESFP,How to manage your time more effectively (according to machines) - Brian Christian,https://youtu.be/iDbdXTMnOmE?si=TxoOOtSpDozRhGBL,video,en,['general_support'],[],recommend_only_if_user_asks_or_message_strongly_matches_issue,أنماط الشخصية 16 for AI bot.docx,399,
ESFP_9715e14c5d,ESFP,How I Manage My Time - 10 Time Management Tips,https://youtu.be/iONDebHX9qk?si=tvPBMVMZcNMogr_e,video,en,['general_support'],[],recommend_only_if_user_asks_or_message_strongly_matches_issue,أنماط الشخصية 16 for AI bot.docx,400,
ESFP_e061dd1d8f,ESFP,الحلقة 25 - فقدان الشغف للسعي - رميم - مصطفى حسني - EPS 25 - Rameem- Mustafa Hosny,https://youtu.be/J7QqWn4Y3oc?si=EpvxjrALupnOiGTq,video,ar,['pain_escape_planning'],[],recommend_only_if_user_asks_or_message_strongly_matches_issue,أنماط الشخصية 16 for AI bot.docx,401,
ESFP_16ca290264,ESFP,أنا تايه ومش عارف أعمل ايه؟؟ لو انت من النوع ده الفيدو ده هدية ليك,https://youtu.be/hUcnP4aWVcw?si=28KBU6B8xqbtb3-b,video,ar,['pain_escape_planning'],[],recommend_only_if_user_asks_or_message_strongly_matches_issue,أنماط الشخصية 16 for AI bot.docx,402,
ESFP_4d26a7f342,ESFP,لا أستطيع التحمل - مصطفى حسني,https://youtu.be/QH55-YY32h0?si=fgMqOasrVAq0NQrX,video,ar,['general_support'],[],recommend_only_if_user_asks_or_message_strongly_matches_issue,أنماط الشخصية 16 for AI bot.docx,403,
ESFP_4457d760c2,ESFP,لو إنت مُنهك نفسيًا وعاطفيًا وجسديًا.. اسمع الكنز ده - مصطفى حسني,https://youtu.be/vJ8CtPg6s-I?si=qRaeo02de8vaAyEA,video,ar,['emotional_awareness'],[],recommend_only_if_user_asks_or_message_strongly_matches_issue,أنماط الشخصية 16 for AI bot.docx,404,
